row_id,worksheet_version,review_pool_variant,paper_id,openalex_work_id,work_id,title,year,citation_count,source_slug,topics,abstract_preview,sample_reason,relevance_label,novelty_label,bridge_like_label,reviewer_notes
d92cfee54b8efa82d8913c262f9ea6c799142f04b478e905d1f30fd8cbba9741,ml-bridge-top-ranked-v1,ml_bridge_top_ranked_validation_audit,https://openalex.org/W4411141874,W4411141874,W4411141874,"Physical Modeling of a Spring Reverb Tank Incorporating Helix Angle, Damping, and Magnetic Bead Coupling",2025,1,jaes,Spacecraft and Cryogenic Technologies;Fluid Dynamics Simulations and Interactions;Oil and Gas Production Techniques,Reproducing the main features of a spring reverb tank impulse response across the hearing range with a physical model presents unique challenges because of the high levels of coupling between the spring's vibrational polarizations. Previous attempts based on a model that includes helix angle can accurately simulate helical spring vibrations but see discrepa…,bridge_top_ranked,,,,
8b817beb83e794eaf984fdbc2ed33660a9b465b40cd953f15f06fd36e6e5ae62,ml-bridge-top-ranked-v1,ml_bridge_top_ranked_validation_audit,https://openalex.org/W4408772031,W4408772031,W4408772031,CCMusic: An Open and Diverse Database for Chinese Music Information Retrieval Research,2025,6,tismir,Music and Audio Processing;Diverse Musicological Studies;Music Technology and Sound Studies,"Data are crucial in various computer‑related fields, including music information retrieval (MIR), an interdisciplinary area bridging computer science and music. This paper introduces CCMusic, an open and diverse database comprising multiple datasets specifically designed for tasks related to Chinese music, highlighting our focus on this culturally rich doma…",bridge_top_ranked,,,,
785b0631a3c8e7da4a31363b7a1b8ce0476332e93a2a5d316fbade600f5c7988,ml-bridge-top-ranked-v1,ml_bridge_top_ranked_validation_audit,https://openalex.org/W4409215217,W4409215217,W4409215217,Modeling Time-Variant Responses of Optical Compressors With Selective State Space Models,2025,3,jaes,Extremum Seeking Control Systems;Real-time simulation and control systems,This paper presents a method for modeling optical dynamic range compressors using deep neural networks with selective state space models. The proposed approach surpasses previous methods based on recurrent layers by employing a selective state space block to encode the input audio. It features a refined technique integrating feature-wise linear modulation a…,bridge_top_ranked,,,,
d8ee671256d634b23fac6e2f14b4f7e2ed4b0695a4c8a1a8859bc5326b3f94f1,ml-bridge-top-ranked-v1,ml_bridge_top_ranked_validation_audit,https://openalex.org/W4409215261,W4409215261,W4409215261,Toward an Improved Auditory Model for Predicting Binaural Coloration,2025,6,jaes,Color Science and Applications,"The evaluation of audio quality is important in the development of immersive audio algorithms and reproduction systems, and binaural models are often used for this as a quick alternative to listening tests. Coloration (i.e., perceived loudness differences integrated across ears and frequency) is one key quality aspect; however, the majority of models used t…",bridge_top_ranked,,,,
66aff83e445f4876a0d5c92098a9ec2d6715d9a7bce3d7b7d81fc1bc71b58bce,ml-bridge-top-ranked-v1,ml_bridge_top_ranked_validation_audit,https://openalex.org/W4410091503,W4410091503,W4410091503,Towards an 'Everything Corpus': A Framework and Guidelines for the Curation of More Comprehensive Multimodal Music Data,2025,2,tismir,Music and Audio Processing;Diverse Musicological Studies;Natural Language Processing Techniques,Music information retrieval (MIR) is increasingly concerned with properly managing the complexity of musical data and the curation of high-quality multimodal datasets for use in a variety of computational tasks. This article presents (1) a conceptual framework for how practitioners interested in MIR-from musicians to scientists-can understand the multitude…,bridge_top_ranked,,,,
73bcbdc450dc50df5d703ee1216155d931ae879430fe704fcdc6b15b2d01fbfb,ml-bridge-top-ranked-v1,ml_bridge_top_ranked_validation_audit,https://openalex.org/W4409967775,W4409967775,W4409967775,ChoraleBricks: A Modular Multitrack Dataset for Wind Music Research,2025,3,tismir,Music and Audio Processing;Music Technology and Sound Studies;Animal Vocal Communication and Behavior,"Concert band and wind music are deeply embedded in society and play a significant role in the cultural landscape of many countries, including Germany and Austria, particularly within the amateur music scene. However, this type of music, as well as research on wind and brass instruments in general, remains largely overlooked in the field of music information…",bridge_top_ranked,,,,
73d8244a36d4683cf94a6859992512af70e764e6501b79244591642692efe5d6,ml-bridge-top-ranked-v1,ml_bridge_top_ranked_validation_audit,https://openalex.org/W7131681001,W7131681001,W7131681001,Inferring Communities of Medieval Music Manuscripts Using Stochastic Block Models,2026,0,tismir,Authorship Attribution and Profiling;Digital Humanities and Scholarship;Music and Audio Processing,"What can we learn from the content of surviving medieval music manuscripts about their cultural context? Our study maps the spread of so‑called trope elements (textual- musical insertions into Gregorian chant) in manuscripts across medieval central Europe, specifically the Carolingian Empire and the Italian Peninsula, from the 9th to the 14th century. Using…",bridge_top_ranked,,,,
f8b0c8f461cadc9e0de0b5104975cf484da1246f11bac5b1f070776c6d6f9b1a,ml-bridge-top-ranked-v1,ml_bridge_top_ranked_validation_audit,https://openalex.org/W4415947443,W4415947443,W4415947443,Beyond a Western Center of Music Information Retrieval: A Bibliometric Analysis of the First 25 Years of ISMIR Authorship,2025,1,tismir,Music and Audio Processing;Diverse Musicological Studies;Information Retrieval and Search Behavior,"Over the past two decades, the music information retrieval (MIR) community has grown significantly in both the volume and diversity of research contributions. However, questions remain about who is represented within the community-and who is not. The influence of Western views shapes MIR research, affecting author representation, topic selection, cross-cult…",bridge_top_ranked,,,,
b4168dd6b8c487f01d69b5cacf4ee5f9349046970f557bce66c3ac478e32d909,ml-bridge-top-ranked-v1,ml_bridge_top_ranked_validation_audit,https://openalex.org/W4409474070,W4409474070,W4409474070,Analysis of Various 3D Acquisition Techniques and Mesh Differences for Head-related Transfer Functions Calculation,2025,1,jaes,Engineering Applied Research;Simulation and Modeling Applications,The head mesh is a fundamental component in simulating head-related transfer functions (HRTFs). The techniques utilized for acquiring and preprocessing 3D meshes prior to calculation directly influence HRTF results. This study aims to compare the meshes obtained through different methods and analyze the impact of mesh differences on HRTFs. Three mesh captur…,bridge_top_ranked,,,,
1313abaf295a668343ad095b164a0b41c9c761e454cafdadd098dbf602396426,ml-bridge-top-ranked-v1,ml_bridge_top_ranked_validation_audit,https://openalex.org/W4411649085,W4411649085,W4411649085,The AI Music Arms Race: On the Detection of AI-Generated Music,2025,2,tismir,Music and Audio Processing;Music Technology and Sound Studies;Time Series Analysis and Forecasting,"Several companies now offer platforms for users to create music at unprecedented scales by textual prompting. As the quality of this music rises, concern grows about how to differentiate AI‑generated music from human‑made music, with implications for content identification, copyright enforcement, and music recommendation systems. This article explores the d…",bridge_top_ranked,,,,
a64bec2c847189a427a1f95aba501e3aeeb5b71a5988d1e2e50fe6e6f1db61ca,ml-bridge-top-ranked-v1,ml_bridge_top_ranked_validation_audit,https://openalex.org/W4402645135,W4402645135,W4402645135,BPSD: A Coherent Multi-Version Dataset for Analyzing the First Movements of Beethoven's Piano Sonatas,2024,5,tismir,Music and Audio Processing;Neuroscience and Music Perception;Music Technology and Sound Studies,"This paper introduces the Beethoven Piano Sonata Dataset (BPSD), a multi-version dataset focusing on the first movements of Beethoven's 32 piano sonatas. Recognized as pivotal works in classical music, Beethoven's piano sonatas have profoundly shaped Western classical music, holding a significant place in cultural history. The BPSD includes sheet music in d…",bridge_top_ranked,,,,
35ffeeee03b5cdf033ef51ea25eaa276403d74db823600de1072fa40f9a9985b,ml-bridge-top-ranked-v1,ml_bridge_top_ranked_validation_audit,https://openalex.org/W4412900768,W4412900768,W4412900768,STAR Drums: A Dataset for Automatic Drum Transcription,2025,3,tismir,Music and Audio Processing;Music Technology and Sound Studies;Diverse Musicological Studies,248,bridge_top_ranked,,,,
39eed8b6613387b4e61fa923b032b424beeb10e8e7d641fbcd4addb873a400b3,ml-bridge-top-ranked-v1,ml_bridge_top_ranked_validation_audit,https://openalex.org/W4411141958,W4411141958,W4411141958,Reverse Engineering of Music Mixing Graphs With Differentiable Processors and Iterative Pruning,2025,0,jaes,Music Technology and Sound Studies;Modular Robots and Swarm Intelligence;Cellular Automata and Applications,"Reverse engineering of music mixes aims to uncover how dry source signals are processed and combined to produce a final mix. In this paper, prior works are extended to reflect the compositional nature of mixing and search for a graph of audio processors. First, a mixing console is constructed, applying all available processors to every track and subgroup. W…",bridge_top_ranked,,,,
005f3fc2ef2b9ede3d73f3a3c80433cc5a2b126c87363ed5b7958c7feb7c57b9,ml-bridge-top-ranked-v1,ml_bridge_top_ranked_validation_audit,https://openalex.org/W4409215215,W4409215215,W4409215215,Issues and Challenges of Audio Technologies for the Musical Metaverse,2025,11,jaes,Music Technology and Sound Studies,"Among all the activities envisioned for the metaverse, music has thus far received comparatively less attention. While virtual concerts and music festivals have been successful in drawing substantial audiences and increasing public attention to the idea of the metaverse, the metaverse is not ready for musicians who decide to take advantage of the distinctiv…",bridge_top_ranked,,,,
49406a3a84ec4e9ebecfe694ead8de2405cb872d93a69a0afb9658803a318416,ml-bridge-top-ranked-v1,ml_bridge_top_ranked_validation_audit,https://openalex.org/W7128595024,W7128595024,W7128595024,High-Resolution Directivity Measurements of an Artificial Head and Mouth Shaped to Three Vowels,2026,0,jaes,Voice and Speech Disorders;Phonetics and Phonology Research;Hearing Loss and Rehabilitation,"The directivity of the human voice has been studied since the early twentieth century using different measurement systems with progressively higher spatial resolution. Artificial heads and mouths have been used because of their ability to repeat a given sound production, hence allowing sequential measurements of directivity with a reduced number of micropho…",bridge_top_ranked,,,,
367eeb926f52b0452adef6faa9ed19236107b8b8156625a4b30ac1e8eefd606d,ml-bridge-top-ranked-v1,ml_bridge_top_ranked_validation_audit,https://openalex.org/W4414799687,W4414799687,W4414799687,Improved Real-Time Six-Degrees-of-Freedom Dynamic Auralization Through Nonuniformly Partitioned Convolution,2025,0,jaes,Advanced Vision and Imaging;Image and Video Stabilization,"Recent years have witnessed an increasing interest from the academic and industrial research community toward software for dynamic auralization and six-degrees-of-freedom (6DoF) navigation of immersive audio environments. Some existing tools rely on the convolution of source sounds with Ambisonics impulse responses (IRs) recorded in real spaces. However, de…",bridge_top_ranked,,,,
789b306a37d15d3c1e9922779eb55c7db561645f9483599c0157bc7562b95f69,ml-bridge-top-ranked-v1,ml_bridge_top_ranked_validation_audit,https://openalex.org/W4407236737,W4407236737,W4407236737,The GigaMIDI Dataset with Features for Expressive Music Performance Detection,2025,2,tismir,Music and Audio Processing;Music Technology and Sound Studies;Neuroscience and Music Perception,"The Musical Instrument Digital Interface (MIDI), introduced in 1983, revolutionized music production by allowing computers and instruments to communicate efficiently. MIDI files encode musical instructions compactly, facilitating convenient music sharing. They benefit music information retrieval (MIR), aiding in research on music understanding, computationa…",bridge_top_ranked,,,,
2981499101c3c492d37430415d79e8ad78682bf4d624706e5cada334583237de,ml-bridge-top-ranked-v1,ml_bridge_top_ranked_validation_audit,https://openalex.org/W7116976483,W7116976483,W7116976483,Multimodal Datasets for Studying Expert Performances of Musical Scores,2025,2,tismir,Music Technology and Sound Studies;Neuroscience and Music Perception;Music and Audio Processing,"In many musical styles, performing a piece of music means to produce an 'interpretation' of a score. This interpretation involves performers manipulating musical parameters such as timing, dynamics, timbre, and pitch to communicate their artistic conception of the piece, often to an audience. Much previous research into musical interpretations has examined…",bridge_top_ranked,,,,
ed9ff1061ae832543d78dc6bab00f02dfbd9819d13ced6bf6c678f58501a0ff6,ml-bridge-top-ranked-v1,ml_bridge_top_ranked_validation_audit,https://openalex.org/W4414199528,W4414199528,W4414199528,PESTO: Real‑Time Pitch Estimation with Self‑Supervised Transposition‑Equivariant Objective,2025,5,tismir,Music and Audio Processing;Speech and Audio Processing;Music Technology and Sound Studies,"In this paper, we introduce PESTO, a self-supervised learning approach for single-pitch estimation using a Siamese architecture. Our model processes individual frames of a Variable-Q Transform (VQT) and predicts pitch distributions. The neural network is designed to be equivariant to translations, notably thanks to a Toeplitz fully-connected layer. In addit…",bridge_top_ranked,,,,
f18e83cb7912af49e004892b9d02f6abbfe8479bdecf2815508c05e16e347b17,ml-bridge-top-ranked-v1,ml_bridge_top_ranked_validation_audit,https://openalex.org/W4416267785,W4416267785,W4416267785,ImproVision Equilibrium: Toward Multimodal Musical Human-Machine Interaction,2025,0,tismir,Music Technology and Sound Studies;Human Motion and Animation;Neuroscience and Music Perception,"In this research, we introduce extensions of the ImproVision framework for multimodal musical human-machine communication. ImproVision Equilibrium integrates real‑time pitch detection, consonant chord determination, and visual cues to guide an ensemble from dissonance to harmony. In addition to Equilibrium, we introduce ImproVision Gestured Improvisation, a…",bridge_top_ranked,,,,
9dbefa69543df7592bbe9a43ac1307dec0895a3bf5301cdad41f9d3263f75ddb,ml-bridge-top-ranked-v1,ml_bridge_top_ranked_validation_audit,https://openalex.org/W7119099299,W7119099299,W7119099299,Supervised Contrastive Models for Music Information Retrieval in Classical Persian Music,2026,0,tismir,Music and Audio Processing;Music Technology and Sound Studies;Diverse Music Education Insights,"Musical instrument classification is a key task in music information retrieval, supporting applications such as automatic transcription and music recommendation. Research on this topic for traditional Persian music has been limited, largely due to the lack of complete and consistent datasets. This study introduces a reproducible baseline framework that comb…",bridge_borderline_contrastive,,,,
12791959a374349c6941ffe826cb0c634ccf7e8fcec16199dea7bf6545c8285b,ml-bridge-top-ranked-v1,ml_bridge_top_ranked_validation_audit,https://openalex.org/W4410033452,W4410033452,W4410033452,Cross‑Modal Approaches to Beat Tracking: A Case Study on Chopin Mazurkas,2025,0,tismir,Music and Audio Processing;Music Technology and Sound Studies;Musicology and Musical Analysis,"Within music information retrieval (MIR) research, numerous beat‑tracking systems have been developed, targeting either audio recordings or symbolic representations such as MIDI files. However, the differences between these approaches, their respective strengths and weaknesses, and the potential for combining them have received limited attention. In this ar…",bridge_borderline_contrastive,,,,
92fffea7f286670459d2f4df72348b6b6837545e6328e9ae3a0a493bd7670970,ml-bridge-top-ranked-v1,ml_bridge_top_ranked_validation_audit,https://openalex.org/W4412518308,W4412518308,W4412518308,Multimodal Raga Classification from Vocal Performances with Disentanglement and Contrastive Loss,2025,0,tismir,Music and Audio Processing;Animal Vocal Communication and Behavior;Music Technology and Sound Studies,"The art music of North India is rich in the use of hand gestures that accompany vocal performance. However, such gestures are idiosyncratic and are neither taught nor rehearsed by the singer. The recent availability of computer vision techniques allows us to use computational methods to analyze the accompanying gestures and look for complementarity with the…",bridge_borderline_contrastive,,,,
a5d2932def2ab9f3372ee356f16d8dae63b0f0ee9294c4b681e264af0e7c0728,ml-bridge-top-ranked-v1,ml_bridge_top_ranked_validation_audit,https://openalex.org/W4412072221,W4412072221,W4412072221,Copy-Move Audio Forgery Detection Using Dominant Resonance Frequencies and Dynamic Time Warping,2025,0,jaes,Digital Media Forensic Detection;Music and Audio Processing;Music Technology and Sound Studies,"With advanced audio manipulation raising authenticity concerns, this study introduces a method to detect copy-move forgeries, where segments are duplicated and reinserted. It combines dominant resonance frequency analysis and dynamic time warping for high-precision detection, surpassing correlation-based methods. The approach segments audio, applies energy…",bridge_borderline_contrastive,,,,
5a57e5fba6a4afbf215ad6d9d4d7e43a54ae35e2ed23b868d7cd3d436dc65abe,ml-bridge-top-ranked-v1,ml_bridge_top_ranked_validation_audit,https://openalex.org/W7133229896,W7133229896,W7133229896,Predicting Perceived Semantic Expression of Functional Sounds Using Unsupervised Feature Extraction and Ensemble Learning,2026,0,tismir,Music and Audio Processing;Emotion and Mood Recognition;Music Technology and Sound Studies,"Functional sounds-typically brief, nonverbal audio cues used in the interfaces of electronic devices-play a critical role in human-machine interaction but remain largely unexplored within music information retrieval (MIR). This study proposes a data-driven framework that uses musically informed audio features to predict the perceived semantic expression of…",bridge_borderline_contrastive,,,,
12e88f1bf0c4fd2f568b554eb2c911b453f0dbb2e0f590d851a81fd613adc481,ml-bridge-top-ranked-v1,ml_bridge_top_ranked_validation_audit,https://openalex.org/W4410025413,W4410025413,W4410025413,Methods for Pitch Analysis in Contemporary Popular Music: Deviations From 12-Tone Equal Temperament in Vitalic's Work,2025,1,jaes,Music and Audio Processing;Diverse Musicological Studies;Music Technology and Sound Studies,"Aims: Twelve-tone equal temperament (12-TET) is recognized as the modern standard tuning for music. However, contemporary popular music may exhibit significant deviations from this framework. This study investigates such deviations in the music of the electronic musician Vitalic and others. Methods: The study examines relations between signal features and p…",bridge_borderline_contrastive,,,,
ae26cead0162a888be4c97ba63710b5665ff2b7c24cbeb8a40b9dd8b696236cd,ml-bridge-top-ranked-v1,ml_bridge_top_ranked_validation_audit,https://openalex.org/W4412696666,W4412696666,W4412696666,Style-Based Composer Identification and Attribution of Symbolic Music Scores: A Systematic Survey,2025,1,tismir,Music and Audio Processing;Music Technology and Sound Studies;Neuroscience and Music Perception,"This paper presents the first comprehensive systematic review of literature on style-based composer identification and authorship attribution in symbolic music scores. Addressing the critical need for improved reliability and reproducibility in this field, the review rigorously analyzes 58 peer-reviewed papers published across various historical periods, wi…",bridge_borderline_contrastive,,,,
8068c1e472589eb7e4caceca00587e2ba511abb974af5659130690220546e0af,ml-bridge-top-ranked-v1,ml_bridge_top_ranked_validation_audit,https://openalex.org/W4411489043,W4411489043,W4411489043,The Potential of Unsupervised Induction of Harmonic Syntax for Jazz,2025,1,tismir,Neuroscience and Music Perception;Music and Audio Processing;Music Technology and Sound Studies,"Hierarchical structures describing a syntax of harmony have long been studied and proposed by music theorists, but algorithms that model these structures either require costly expert annotations for training or are based on music theorists' predispositions about harmonic syntax. We build upon a line of work that models harmonic sequences with probabilistic…",bridge_borderline_contrastive,,,,
7da612e7e313ef31ced25dd6367d2f75b18130d24a77cd815772bb07e42d7ce1,ml-bridge-top-ranked-v1,ml_bridge_top_ranked_validation_audit,https://openalex.org/W4406354632,W4406354632,W4406354632,Producer vs. Rapper: Who Dominates the Hip Hop Sound?,2025,1,jaes,Music Technology and Sound Studies;Music and Audio Processing;Neuroscience and Music Perception,"In hip hop music, rappers and producers play important but rather different roles. However, both contribute to the overall sound, as rappers bring in their voice, while producers are responsible for the music composition and mix. In this case report, the authors trained self-organizing maps with songs produced by Dr. Dre, Rick Rubin, and Timbaland using the…",bridge_borderline_contrastive,,,,
6f842cef263aded31258aefa4f7485057e3395dab300d3db047e6202b81e0f50,ml-bridge-top-ranked-v1,ml_bridge_top_ranked_validation_audit,https://openalex.org/W4414011891,W4414011891,W4414011891,Estimation and Restoration of Unknown Nonlinear Distortion Using Diffusion,2025,0,jaes,Infrared Target Detection Methodologies;Image and Signal Denoising Methods;Optical Systems and Laser Technology,"The restoration of nonlinearly distorted audio signals, alongside the identification of the applied memoryless nonlinear operation, is studied. The paper focuses on the difficult but practically important case in which both the nonlinearity and the original input signal are unknown. The proposed method uses a generative diffusion model trained unconditional…",bridge_borderline_contrastive,,,,
