"row_id","worksheet_version","review_pool_variant","paper_id","openalex_work_id","work_id","title","year","citation_count","source_slug","topics","abstract_preview","sample_reason","ranking_run_id","family","final_score","rank_in_family","relevance_label","novelty_label","bridge_like_label","reviewer_notes"
"2b5b2b4edf9d56fed60670f1e3260f1ed4acb607034843a04f0aa5a95eb6234b","ml-fresh-eval-positive-topup-worksheet-hybrid-v1","ml_fresh_hybrid_positive_topup_v1","https://openalex.org/W7130374567","W7130374567","W7130374567","A unified multimodal learning framework for sentiment analysis and mental health indicators from YouTube videos","2026","1","","","","fresh_hybrid_positive_topup","rank-9f4b2a2084","emerging","0.231809","84","miss","obvious","not_applicable","multimodal YouTube sentiment and mental-health indicators; clinical/wellness ML with no music/audio/MIR bridge (emerging family)."
"a6bdc788965ff16cdb0658c1313073ce4b3f4cfb1a2210494a7da234af7d6397","ml-fresh-eval-positive-topup-worksheet-hybrid-v1","ml_fresh_hybrid_positive_topup_v1","https://openalex.org/W4414866178","W4414866178","W4414866178","AI-Driven Multimodal Emotion Recognition and Personalized Recommendations Using Power BI","2025","2","","","","fresh_hybrid_positive_topup","rank-9f4b2a2084","emerging","0.231443","85","acceptable","obvious","partial","multimodal emotion recognition plus personalized recommendations via Power BI demo; on-target application but prototype/student tier like EmoTune."
"76f88571f140510cfd205c8a9ab24267abaebfe355c63ae8ff13c1663224dc0f","ml-fresh-eval-positive-topup-worksheet-hybrid-v1","ml_fresh_hybrid_positive_topup_v1","https://openalex.org/W4417357200","W4417357200","W4417357200","Joint Learning of Emotion and Singing Style for Enhanced Music Style Understanding","2025","1","","","","fresh_hybrid_positive_topup","rank-9f4b2a2084","emerging","0.202225","100","good","useful","not_applicable","joint learning of emotion and singing style for music style understanding; core MIR representation/understanding research."
"5c602130aef3062aefa0ba51b20c962eb3d6ab7b3609088a145351d724cacb5e","ml-fresh-eval-positive-topup-worksheet-hybrid-v1","ml_fresh_hybrid_positive_topup_v1","https://openalex.org/W4417185100","W4417185100","W4417185100","AI-driven music intervention based on five-tone theory for anxiety: a preliminary pre-post feasibility study","2025","1","","","","fresh_hybrid_positive_topup","rank-9f4b2a2084","emerging","0.198141","103","miss","obvious","partial","AI music intervention for anxiety using five-tone theory; clinical feasibility study, not MIR, audio ML, or recsys discovery."
"5ba5f20acd5afbe5dc953cef011b08f85d2834ab05b65212fa69d2be40c8ee74","ml-fresh-eval-positive-topup-worksheet-hybrid-v1","ml_fresh_hybrid_positive_topup_v1","https://openalex.org/W4388189390","W4388189390","W4388189390","An Algorithmic Approach to Automated Symbolic Transcription of Hindustani Vocals","2023","1","","","","fresh_hybrid_positive_topup","rank-9f4b2a2084","emerging","0.183299","108","good","useful","not_applicable","automated symbolic transcription of Hindustani vocals; core OMR/symbolic MIR transcription task."
"ee2232779293321302bea57007c9af4ceef57116022f78691905af9b199b345a","ml-fresh-eval-positive-topup-worksheet-hybrid-v1","ml_fresh_hybrid_positive_topup_v1","https://openalex.org/W4414972133","W4414972133","W4414972133","A Study on the Data Distribution Gap in Music Emotion Recognition","2025","0","","","","fresh_hybrid_positive_topup","rank-9f4b2a2084","emerging","0.173781","125","good","useful","not_applicable","data distribution gap study for music emotion recognition; core MER/MIR methodology."
"b893bb868ba75476b751e708c04490c7ac0074c68b55b01b63ce5bb9dba16457","ml-fresh-eval-positive-topup-worksheet-hybrid-v1","ml_fresh_hybrid_positive_topup_v1","https://openalex.org/W4415105851","W4415105851","W4415105851","Emotion-Conditioned Chiptune Music Generation Using a Hybrid PatchTST-LSTM Model","2025","0","","","","fresh_hybrid_positive_topup","rank-9f4b2a2084","emerging","0.171576","143","good","useful","not_applicable","emotion-conditioned chiptune generation with PatchTST-LSTM; generative music / music AI research."
"c8b8718904fe8bb06a1157339b5878aa2f51c871dc578c9ac2cfa90ab74d7282","ml-fresh-eval-positive-topup-worksheet-hybrid-v1","ml_fresh_hybrid_positive_topup_v1","https://openalex.org/W7117589451","W7117589451","W7117589451","Distributed Cross‐Domain Music Style Transfer in the SAGIN Environment","2025","0","","","","fresh_hybrid_positive_topup","rank-9f4b2a2084","emerging","0.171375","146","acceptable","useful","partial","cross-domain music style transfer in SAGIN edge environment; MIR style-transfer method but systems/deployment framing is adjacent-tier."
"3f4e1aa600a1b81e703ff991ce9bebfd87c49b7409f2f5784590ab7a0ded1526","ml-fresh-eval-positive-topup-worksheet-hybrid-v1","ml_fresh_hybrid_positive_topup_v1","https://openalex.org/W7127968637","W7127968637","W7127968637","Music Performance Improvement Support System Using a Semi-Automated Instrument-Playing Robot with Real-Time Acoustic Analysis and Habit Visualization","2026","0","","","","fresh_hybrid_positive_topup","rank-9f4b2a2084","emerging","0.170521","157","acceptable","useful","partial","instrument-playing robot with real-time acoustic analysis for performance coaching; music pedagogy/performance support, not core MIR task paper."
"67136eeb0996fcd5ad23de5d67676a61521d3609ee361219480f7efcf227976a","ml-fresh-eval-positive-topup-worksheet-hybrid-v1","ml_fresh_hybrid_positive_topup_v1","https://openalex.org/W7154948626","W7154948626","W7154948626","Smart Playlist Generator Using Affective Computing","2026","0","","","","fresh_hybrid_positive_topup","rank-9f4b2a2084","emerging","0.169186","168","acceptable","obvious","partial","affective-computing smart playlist generator; emotion-driven playlist application prototype, not core MIR/recsys method research."
"81658c45f3f0949b8b626455fd3cc723f0ca6a5a510bb90496bc007d625b1770","ml-fresh-eval-positive-topup-worksheet-hybrid-v1","ml_fresh_hybrid_positive_topup_v1","https://openalex.org/W7128720537","W7128720537","W7128720537","Serial cascaded hybrid adaptive deep networks-based lyrics text classification using optimization approach","2026","0","","","","fresh_hybrid_positive_topup","rank-9f4b2a2084","emerging","0.169169","169","good","useful","not_applicable","lyrics text classification with hybrid deep networks; core MIR/music-NLP classification research."
"921670286a9365586612cae56643934a4d629c76a4671b8ca5939c2e6da28410","ml-fresh-eval-positive-topup-worksheet-hybrid-v1","ml_fresh_hybrid_positive_topup_v1","https://openalex.org/W7117685190","W7117685190","W7117685190","Reading Music or Reading Notes? Rethinking Musical Stimuli in Eye-Movement Research","2025","0","","","","fresh_hybrid_positive_topup","rank-9f4b2a2084","emerging","0.168522","185","miss","obvious","not_applicable","eye-movement study of reading music vs note notation; music-cognition/psychology, not MIR, audio ML, or recsys discovery."
"547859843fb3a92f3e72585600a522487257f0f283cf9353c9ad9eea86e85944","ml-fresh-eval-positive-topup-worksheet-hybrid-v1","ml_fresh_hybrid_positive_topup_v1","https://openalex.org/W4414803123","W4414803123","W4414803123","An Agent-Based Framework for Automated Higher-Voice Harmony Generation","2025","0","","","","fresh_hybrid_positive_topup","rank-9f4b2a2084","emerging","0.168149","190","good","useful","not_applicable","agent-based automated higher-voice harmony generation; generative symbolic music / music AI research."
"9be0287e58c5d05ee53f0b6bce1a940f808e55a16dc670d9c8cb7a82bc6762c9","ml-fresh-eval-positive-topup-worksheet-hybrid-v1","ml_fresh_hybrid_positive_topup_v1","https://openalex.org/W4416740637","W4416740637","W4416740637","Emotion induction by western music across personality types using internet of things technology","2025","0","","","","fresh_hybrid_positive_topup","rank-9f4b2a2084","emerging","0.167953","194","miss","obvious","partial","western-music emotion induction across personality types with IoT; psychology/experiment study, not MIR or recsys method research."
"6816038b5ed2dd9110e9b6491b2ad1b1cb970eb0cee495f7b0e05af0416b63ad","ml-fresh-eval-positive-topup-worksheet-hybrid-v1","ml_fresh_hybrid_positive_topup_v1","https://openalex.org/W4414769078","W4414769078","W4414769078","Application of Long Short-Term Memory Intelligent Algorithm in Automatic Classification System","2025","0","","","","fresh_hybrid_positive_topup","rank-9f4b2a2084","emerging","0.167713","198","miss","obvious","not_applicable","generic LSTM automatic classification system; no music/audio/MIR scope in title or discovery relevance."
"cfc4081b4e19db89cabcd30d147e7870db5d5419923ec31d39e860cfb6629575","ml-fresh-eval-positive-topup-worksheet-hybrid-v1","ml_fresh_hybrid_positive_topup_v1","https://openalex.org/W4415156773","W4415156773","W4415156773","Blooming Beats: An Interactive Explainable Recommender System for Exploring Personal Music Narratives through Data Humanism Principles","2025","0","","","","fresh_hybrid_positive_topup","rank-9f4b2a2084","emerging","0.167617","199","good","useful","not_applicable","interactive explainable music recommender for personal music narratives; core music recsys / discovery UX research (emerging family)."
"f5725d64b85c91cad0dee2a76eb4d6c27e94d83f00e8c287c804da23229125e1","ml-fresh-eval-positive-topup-worksheet-hybrid-v1","ml_fresh_hybrid_positive_topup_v1","https://openalex.org/W7130737154","W7130737154","W7130737154","HUMMUS: A Human-Centered Approach to Sequential Recommendation Explainability through Data Humanism","2025","0","","","","fresh_hybrid_positive_topup","rank-9f4b2a2084","emerging","0.166937","209","miss","useful","partial","sequential recommendation explainability via data humanism (HUMMUS); generic recsys framing, not music-focused MIR discovery."
"951c6f97b282b0a281d65891e7803f17361f3242404251eded021b9ea93d7550","ml-fresh-eval-positive-topup-worksheet-hybrid-v1","ml_fresh_hybrid_positive_topup_v1","https://openalex.org/W4415097458","W4415097458","W4415097458","Moises-Light: Resource-efficient Band-split U-Net For Music Source Separation","2025","0","","","","fresh_hybrid_positive_topup","rank-9f4b2a2084","emerging","0.166448","214","good","useful","not_applicable","Moises-Light band-split U-Net for music source separation; core MIR audio separation research."
"b8f4829cfceb60cfbf282876cd3601f75a9f8760f9a56a1211364711ce32436c","ml-fresh-eval-positive-topup-worksheet-hybrid-v1","ml_fresh_hybrid_positive_topup_v1","https://openalex.org/W7127102095","W7127102095","W7127102095","Context-Enriched Temporal Knowledge Graph with Reinforcement Learning for Adaptive Music Recommendation in Entertainment Platforms","2025","0","","","","fresh_hybrid_positive_topup","rank-9f4b2a2084","emerging","0.165696","224","good","useful","not_applicable","temporal knowledge graph plus RL for adaptive music recommendation; core music recsys research (emerging family)."
"9eae71d95b8c692b2301795b4abf2b17a74bc10060d9cd6bd4594ddae0943fbb","ml-fresh-eval-positive-topup-worksheet-hybrid-v1","ml_fresh_hybrid_positive_topup_v1","https://openalex.org/W4415111656","W4415111656","W4415111656","Methods for Pitch Analysis in Contemporary Popular Music: Multiple Pitches From Harmonic Tones in Vitalic's Music","2026","0","","","","fresh_hybrid_positive_topup","rank-9f4b2a2084","emerging","0.1652","234","acceptable","useful","not_applicable","pitch-analysis methods for contemporary popular music (case study); music-analysis methodology, adjacent-tier vs core MIR task papers."
"2e317a26c30014181017cb8e8fedd7e852254d74e2fda7d48202a15d1f745cae","ml-fresh-eval-positive-topup-worksheet-hybrid-v1","ml_fresh_hybrid_positive_topup_v1","https://openalex.org/W4415149884","W4415149884","W4415149884","A Literature Review on an Emotion Based Music Recommendation System","2025","0","","","","fresh_hybrid_positive_topup","rank-9f4b2a2084","emerging","0.165089","235","miss","obvious","partial","literature review on emotion-based music recommendation systems; survey paper, not primary MIR/recsys discovery research."
"6b688aa7daa3ba25db02184b6abb69aac8eb39fa7f480b8e214fadbf94476163","ml-fresh-eval-positive-topup-worksheet-hybrid-v1","ml_fresh_hybrid_positive_topup_v1","https://openalex.org/W7156140413","W7156140413","W7156140413","PianoCoRe: Combined and Refined Piano MIDI Dataset","2026","0","","","","fresh_hybrid_positive_topup","rank-9f4b2a2084","emerging","0.164629","240","good","useful","not_applicable","PianoCoRe combined refined piano MIDI dataset; core symbolic MIR dataset resource."
